{
  "Get policy id-0" : {
    "transaction" : "Get policy id-0",
    "sampleCount" : 20,
    "errorCount" : 0,
    "errorPct" : 0.0,
    "meanResTime" : 0.6500000000000001,
    "medianResTime" : 1.0,
    "minResTime" : 0.0,
    "maxResTime" : 1.0,
    "pct1ResTime" : 1.0,
    "pct2ResTime" : 1.0,
    "pct3ResTime" : 1.0,
    "throughput" : 0.10515357679891481,
    "receivedKBytesPerSec" : 0.5047371686347911,
    "sentKBytesPerSec" : 0.0
  },
  "Dry Run Policy" : {
    "transaction" : "Dry Run Policy",
    "sampleCount" : 20,
    "errorCount" : 0,
    "errorPct" : 0.0,
    "meanResTime" : 7360.900000000001,
    "medianResTime" : 7276.0,
    "minResTime" : 6638.0,
    "maxResTime" : 9108.0,
    "pct1ResTime" : 7899.900000000001,
    "pct2ResTime" : 9049.849999999999,
    "pct3ResTime" : 9108.0,
    "throughput" : 0.10035324341682723,
    "receivedKBytesPerSec" : 1.82325379084377,
    "sentKBytesPerSec" : 0.0791261804050257
  },
  "Requests for Import" : {
    "transaction" : "Requests for Import",
    "sampleCount" : 20,
    "errorCount" : 0,
    "errorPct" : 0.0,
    "meanResTime" : 43013.149999999994,
    "medianResTime" : 42941.5,
    "minResTime" : 42810.0,
    "maxResTime" : 43749.0,
    "pct1ResTime" : 43329.8,
    "pct2ResTime" : 43728.4,
    "pct3ResTime" : 43749.0,
    "throughput" : 0.08579125272387227,
    "receivedKBytesPerSec" : 4.721903632830597,
    "sentKBytesPerSec" : 0.4775908556176112
  },
  "Get policy import result" : {
    "transaction" : "Get policy import result",
    "sampleCount" : 80,
    "errorCount" : 0,
    "errorPct" : 0.0,
    "meanResTime" : 273.36249999999995,
    "medianResTime" : 258.0,
    "minResTime" : 241.0,
    "maxResTime" : 711.0,
    "pct1ResTime" : 305.80000000000007,
    "pct2ResTime" : 336.20000000000005,
    "pct3ResTime" : 711.0,
    "throughput" : 0.3615345333267052,
    "receivedKBytesPerSec" : 2.804827453407237,
    "sentKBytesPerSec" : 0.27093906335440776
  },
  "Get Admin Access Token" : {
    "transaction" : "Get Admin Access Token",
    "sampleCount" : 1,
    "errorCount" : 0,
    "errorPct" : 0.0,
    "meanResTime" : 236.0,
    "medianResTime" : 236.0,
    "minResTime" : 236.0,
    "maxResTime" : 236.0,
    "pct1ResTime" : 236.0,
    "pct2ResTime" : 236.0,
    "pct3ResTime" : 236.0,
    "throughput" : 4.237288135593221,
    "receivedKBytesPerSec" : 19.961599576271187,
    "sentKBytesPerSec" : 2.7848583156779663
  },
  "Import Policy i-Rec" : {
    "transaction" : "Import Policy i-Rec",
    "sampleCount" : 20,
    "errorCount" : 0,
    "errorPct" : 0.0,
    "meanResTime" : 252.85,
    "medianResTime" : 243.5,
    "minResTime" : 234.0,
    "maxResTime" : 310.0,
    "pct1ResTime" : 288.1,
    "pct2ResTime" : 308.95,
    "pct3ResTime" : 310.0,
    "throughput" : 0.10505801829060099,
    "receivedKBytesPerSec" : 0.5236536897032636,
    "sentKBytesPerSec" : 0.08386174233470434
  },
  "Get policy import result-0" : {
    "transaction" : "Get policy import result-0",
    "sampleCount" : 80,
    "errorCount" : 0,
    "errorPct" : 0.0,
    "meanResTime" : 0.7000000000000001,
    "medianResTime" : 1.0,
    "minResTime" : 0.0,
    "maxResTime" : 2.0,
    "pct1ResTime" : 1.0,
    "pct2ResTime" : 1.0,
    "pct3ResTime" : 2.0,
    "throughput" : 0.36193035555133307,
    "receivedKBytesPerSec" : 1.741418716097305,
    "sentKBytesPerSec" : 0.0
  },
  "Get Admin Access Token-0" : {
    "transaction" : "Get Admin Access Token-0",
    "sampleCount" : 1,
    "errorCount" : 0,
    "errorPct" : 0.0,
    "meanResTime" : 1.0,
    "medianResTime" : 1.0,
    "minResTime" : 1.0,
    "maxResTime" : 1.0,
    "pct1ResTime" : 1.0,
    "pct2ResTime" : 1.0,
    "pct3ResTime" : 1.0,
    "throughput" : 1000.0,
    "receivedKBytesPerSec" : 4115.234375,
    "sentKBytesPerSec" : 0.0
  },
  "Login by SR-0" : {
    "transaction" : "Login by SR-0",
    "sampleCount" : 40,
    "errorCount" : 0,
    "errorPct" : 0.0,
    "meanResTime" : 0.625,
    "medianResTime" : 1.0,
    "minResTime" : 0.0,
    "maxResTime" : 1.0,
    "pct1ResTime" : 1.0,
    "pct2ResTime" : 1.0,
    "pct3ResTime" : 1.0,
    "throughput" : 0.171928391824805,
    "receivedKBytesPerSec" : 0.7386708592121382,
    "sentKBytesPerSec" : 0.0
  },
  "Login by Admin" : {
    "transaction" : "Login by Admin",
    "sampleCount" : 1,
    "errorCount" : 0,
    "errorPct" : 0.0,
    "meanResTime" : 734.0,
    "medianResTime" : 734.0,
    "minResTime" : 734.0,
    "maxResTime" : 734.0,
    "pct1ResTime" : 734.0,
    "pct2ResTime" : 734.0,
    "pct3ResTime" : 734.0,
    "throughput" : 1.3623978201634876,
    "receivedKBytesPerSec" : 5.5028099455040875,
    "sentKBytesPerSec" : 0.4829593835149864
  },
  "Get SR Access Token" : {
    "transaction" : "Get SR Access Token",
    "sampleCount" : 40,
    "errorCount" : 0,
    "errorPct" : 0.0,
    "meanResTime" : 242.15,
    "medianResTime" : 238.0,
    "minResTime" : 225.0,
    "maxResTime" : 281.0,
    "pct1ResTime" : 269.3,
    "pct2ResTime" : 270.95,
    "pct3ResTime" : 281.0,
    "throughput" : 0.17174679370204507,
    "receivedKBytesPerSec" : 0.8923914761529577,
    "sentKBytesPerSec" : 0.15182986816286748
  },
  "Requests for DryRun" : {
    "transaction" : "Requests for DryRun",
    "sampleCount" : 20,
    "errorCount" : 0,
    "errorPct" : 0.0,
    "meanResTime" : 8209.85,
    "medianResTime" : 8130.0,
    "minResTime" : 7483.0,
    "maxResTime" : 9930.0,
    "pct1ResTime" : 8777.900000000001,
    "pct2ResTime" : 9874.9,
    "pct3ResTime" : 9930.0,
    "throughput" : 0.09993753903810118,
    "receivedKBytesPerSec" : 2.9280381402248596,
    "sentKBytesPerSec" : 0.27368636789506556
  },
  "Get SR Access Token-0" : {
    "transaction" : "Get SR Access Token-0",
    "sampleCount" : 40,
    "errorCount" : 0,
    "errorPct" : 0.0,
    "meanResTime" : 0.7999999999999998,
    "medianResTime" : 1.0,
    "minResTime" : 0.0,
    "maxResTime" : 2.0,
    "pct1ResTime" : 1.0,
    "pct2ResTime" : 1.9499999999999957,
    "pct3ResTime" : 2.0,
    "throughput" : 0.17195426016679563,
    "receivedKBytesPerSec" : 0.7714894127224659,
    "sentKBytesPerSec" : 0.0
  },
  "Get tenant" : {
    "transaction" : "Get tenant",
    "sampleCount" : 1,
    "errorCount" : 0,
    "errorPct" : 0.0,
    "meanResTime" : 1226.0,
    "medianResTime" : 1226.0,
    "minResTime" : 1226.0,
    "maxResTime" : 1226.0,
    "pct1ResTime" : 1226.0,
    "pct2ResTime" : 1226.0,
    "pct3ResTime" : 1226.0,
    "throughput" : 0.8156606851549756,
    "receivedKBytesPerSec" : 11.375439692088092,
    "sentKBytesPerSec" : 1.3915617353181078
  },
  "Import Policy i-Rec-0" : {
    "transaction" : "Import Policy i-Rec-0",
    "sampleCount" : 20,
    "errorCount" : 0,
    "errorPct" : 0.0,
    "meanResTime" : 0.65,
    "medianResTime" : 1.0,
    "minResTime" : 0.0,
    "maxResTime" : 2.0,
    "pct1ResTime" : 1.0,
    "pct2ResTime" : 1.9499999999999993,
    "pct3ResTime" : 2.0,
    "throughput" : 0.10519063172233882,
    "receivedKBytesPerSec" : 0.48805268637150173,
    "sentKBytesPerSec" : 0.0
  },
  "Total" : {
    "transaction" : "Total",
    "sampleCount" : 446,
    "errorCount" : 0,
    "errorPct" : 0.0,
    "meanResTime" : 502.699551569507,
    "medianResTime" : 112.5,
    "minResTime" : 0.0,
    "maxResTime" : 9108.0,
    "pct1ResTime" : 660.6000000000006,
    "pct2ResTime" : 1247.2499999999995,
    "pct3ResTime" : 7447.95,
    "throughput" : 1.8256690708736194,
    "receivedKBytesPerSec" : 11.194799158493455,
    "sentKBytesPerSec" : 0.6869404475242945
  },
  "Login by SR" : {
    "transaction" : "Login by SR",
    "sampleCount" : 40,
    "errorCount" : 0,
    "errorPct" : 0.0,
    "meanResTime" : 844.925,
    "medianResTime" : 894.0,
    "minResTime" : 556.0,
    "maxResTime" : 1468.0,
    "pct1ResTime" : 1134.3999999999999,
    "pct2ResTime" : 1254.75,
    "pct3ResTime" : 1468.0,
    "throughput" : 0.17115960633290542,
    "receivedKBytesPerSec" : 0.8582216784338896,
    "sentKBytesPerSec" : 0.1030049876979033
  },
  "Get policy id" : {
    "transaction" : "Get policy id",